date,catalog_units,observed_articles,valid_momentum_articles,positive_velocity_articles,avg_article_velocity,median_article_velocity,avg_relative_velocity_pct,positive_velocity_share_pct
2018-09-20,40919.0,7228,0.0,0.0,,,,
2018-09-21,40130.0,8580,0.0,0.0,,,,
2018-09-22,15343.0,8882,0.0,0.0,,,,
2018-09-23,44423.0,9390,0.0,0.0,,,,
2018-09-24,38823.0,9669,7228.0,3388.0,0.06918531109178566,0.0,0.8204087044253311,46.87
2018-09-25,37413.0,9891,8580.0,7016.0,0.9616133866133882,0.4285714285714286,23.071466974615905,81.77
2018-09-26,40580.0,10108,8882.0,6798.0,0.7223437449737852,0.357142857142857,17.795215939494902,76.54
2018-09-27,37877.0,10310,9390.0,3227.0,-0.15216035295907507,-0.07142857142857117,-3.7293514000365304,34.37
2018-09-28,58327.0,10527,9669.0,3385.0,-0.0889218858502134,0.0,-2.349190967325341,35.01
2018-09-29,126218.0,10760,9891.0,3230.0,-0.10089258633389682,-0.07142857142857117,-2.765420870550872,32.66
2018-09-30,33434.0,10792,10108.0,3294.0,-0.10781417830290012,-0.07142857142857117,-2.9874936001932486,32.59
2018-10-01,33284.0,10861,10310.0,2419.0,-0.24642510738534015,-0.07142857142857151,-6.351263268785117,23.46
2018-10-02,34740.0,10932,10527.0,897.0,-0.8385240673641933,-0.35714285714285715,-20.97014704556817,8.52
2018-10-03,33378.0,11001,10760.0,1158.0,-0.6616171003717474,-0.2857142857142857,-16.735786053567654,10.76
2018-10-04,33548.0,11073,10792.0,3170.0,-0.09513660912845505,-0.07142857142857117,-2.6268381095491597,29.37
2018-10-05,29787.0,11148,10861.0,3590.0,-0.07282938955897249,0.0,-2.122218043572408,33.05
2018-10-06,32961.0,11218,10932.0,5271.0,0.1139381109194501,0.0,2.427855356952477,48.22
2018-10-07,28955.0,11255,11001.0,6277.0,0.23186853143220798,0.07142857142857142,5.444198859619831,57.06
2018-10-08,25143.0,11288,11073.0,6240.0,0.19615280411812475,0.07142857142857142,4.634037714750934,56.35
2018-10-09,33349.0,11343,11148.0,6055.0,0.166397560100466,0.0714285714285714,3.9685490418094957,54.31
2018-10-10,54535.0,11449,11218.0,5270.0,0.08679290935486328,0.0,2.0907651789500448,46.98
2018-10-11,51426.0,11568,11255.0,4626.0,0.028438154471028758,0.0,0.5893106535811118,41.1
2018-10-12,45947.0,11689,11288.0,5060.0,0.06219626404778798,0.0,1.471595386182245,44.83
2018-10-13,46670.0,11794,11343.0,4477.0,0.010402891651238677,0.0,0.598321883647712,39.47
2018-10-14,32313.0,11838,11449.0,3463.0,-0.11183135145926626,-0.0714285714285714,-2.3165863429749067,30.25
2018-10-15,29294.0,11880,11568.0,3060.0,-0.1572564710531509,-0.07142857142857142,-3.740029012620216,26.45
2018-10-16,42723.0,11937,11689.0,3078.0,-0.152921550175378,-0.07142857142857142,-3.858971707828844,26.33
2018-10-17,51098.0,12028,11794.0,3664.0,-0.07466266140168158,-0.0714285714285714,-1.9106644785226825,31.07
2018-10-18,41184.0,12086,11838.0,4762.0,0.04513310646103349,0.0,1.1636925532386608,40.23
2018-10-19,34684.0,12139,11880.0,5063.0,0.047516835016835096,0.0,1.2680210644170506,42.62
2018-10-20,36181.0,12212,11937.0,5153.0,0.024270276092341916,0.0,0.5644996960395958,43.17
2018-10-21,33027.0,12251,12028.0,5758.0,0.06262173975010696,0.0,1.4957216619892628,47.87
2018-10-22,38755.0,12293,12086.0,6270.0,0.11392756672419066,0.0714285714285714,2.9807554375474847,51.88
2018-10-23,44047.0,12327,12139.0,6390.0,0.12407470608310843,0.0714285714285714,3.2055569029384525,52.64
2018-10-24,57165.0,12387,12212.0,6541.0,0.13724790604089598,0.0714285714285714,3.680912282646748,53.56
2018-10-25,48976.0,12444,12251.0,5905.0,0.09282041116177095,0.0,2.838714007684729,48.2
2018-10-26,49547.0,12500,12293.0,4407.0,-0.04046437577715548,0.0,-0.6939647501019474,35.85
2018-10-27,45594.0,12553,12327.0,3295.0,-0.17931601942310083,-0.0714285714285714,-4.454823169824084,26.73
2018-10-28,50289.0,12576,12387.0,2986.0,-0.21165622945715024,-0.07142857142857142,-5.546579583924442,24.11
2018-10-29,40125.0,12604,12444.0,3027.0,-0.1782385085181607,-0.07142857142857142,-4.873584667135766,24.32
2018-10-30,37751.0,12650,12500.0,3138.0,-0.16268571428571346,-0.0714285714285714,-4.361437762442876,25.1
2018-10-31,34705.0,12682,12553.0,3017.0,-0.18491311126537718,-0.07142857142857142,-5.0068886448666685,24.03
2018-11-01,37372.0,12750,12576.0,2947.0,-0.20664644674663743,-0.07142857142857142,-5.719784718320411,23.43
2018-11-02,32828.0,12819,12604.0,3558.0,-0.12933535838962656,0.0,-3.7111140094895525,28.23
2018-11-03,36408.0,12872,12650.0,4044.0,-0.0729926595143987,0.0,-2.155979162120489,31.97
2018-11-04,29360.0,12891,12682.0,3881.0,-0.07851961159799056,0.0,-2.0218584573110103,30.6
2018-11-05,27062.0,12922,12750.0,3914.0,-0.06525490196078429,0.0,-1.5210791499762295,30.7
2018-11-06,30371.0,12956,12819.0,4115.0,-0.043473415577324,0.0,-1.0542030826748345,32.1
2018-11-07,31787.0,13027,12872.0,4987.0,0.019632868685075026,0.0,0.3991153231861962,38.74
2018-11-08,28915.0,13089,12891.0,5016.0,0.027732526568924006,0.0,0.5131355344477389,38.91
2018-11-09,32182.0,13153,12922.0,3819.0,-0.053529971035001275,0.0,-1.3837961607933413,29.55
2018-11-10,31649.0,13214,12956.0,4174.0,-0.03378467781061179,0.0,-0.9201953711360905,32.22
2018-11-11,40520.0,13253,13027.0,4847.0,0.0230894077136497,0.0,0.3152846382261914,37.21
2018-11-12,23503.0,13283,13089.0,4982.0,0.03556421422568567,0.0,0.6370138089350258,38.06
2018-11-13,26161.0,13329,13153.0,4878.0,0.02189071477446756,0.0,0.3067032148270569,37.09
2018-11-14,31909.0,13394,13213.0,4252.0,-0.03399790249862149,0.0,-1.1077123686868902,32.18
2018-11-15,35081.0,13468,13251.0,4253.0,-0.021049624287115876,0.0,-0.6161309938955671,32.1
2018-11-16,34743.0,13533,13281.0,5297.0,0.07658093732184537,0.0,1.7891038827126795,39.88
2018-11-17,35609.0,13603,13326.0,5316.0,0.08313500996976914,0.0,1.8904788587861796,39.89
2018-11-18,32605.0,13628,13391.0,5931.0,0.11356774806106418,0.0,2.7149971281012357,44.29
2018-11-19,29545.0,13641,13464.0,9438.0,0.5718529836176914,0.2142857142857142,13.401093605346352,70.1
2018-11-20,36307.0,13667,13529.0,9937.0,0.6805539423249501,0.2142857142857143,16.517206346568493,73.45
2018-11-21,39208.0,13712,13598.0,7854.0,0.29843149202613817,0.07142857142857142,8.112103136052284,57.76
2018-11-22,51504.0,13787,13624.0,6183.0,0.2270992366412217,0.0,6.125434968796965,45.38
2018-11-23,130780.0,13876,13638.0,5426.0,0.06286007583851844,0.0,1.9240408856779474,39.79
2018-11-24,73061.0,13932,13664.0,3876.0,-0.12661007025761092,0.0,-2.733515717917987,28.37
2018-11-25,54513.0,13945,13710.0,3274.0,-0.19892153798061912,-0.0714285714285714,-4.413382595799458,23.88
2018-11-26,52425.0,13961,13785.0,1333.0,-0.6641691279340913,-0.2142857142857143,-15.290358858859324,9.67
2018-11-27,27355.0,14026,13873.0,1243.0,-0.7593372532462807,-0.2857142857142857,-18.02343174840119,8.96
2018-11-28,26343.0,14105,13929.0,2405.0,-0.38552659918156534,-0.1428571428571428,-9.681018674296249,17.27
2018-11-29,29045.0,14200,13943.0,3379.0,-0.3179168246226995,-0.0714285714285714,-7.952530202274239,24.23
2018-11-30,27784.0,14299,13959.0,3934.0,-0.1566065927768055,0.0,-3.8798880891807284,28.18
2018-12-01,31345.0,14359,14022.0,5325.0,0.019148480958493832,0.0,0.5650747515463705,37.98
2018-12-02,23988.0,14395,14099.0,5808.0,0.038249926539876154,0.0,1.15188781022068,41.19
2018-12-03,24650.0,14424,14192.0,5587.0,0.02203454662586569,0.0,0.8681251388743022,39.37
2018-12-04,29017.0,14463,14287.0,5600.0,0.010879020888120077,0.0,0.6319005073386341,39.2
2018-12-05,32098.0,14524,14347.0,5884.0,0.0346613030100868,0.0,1.1285744524174741,41.01
2018-12-06,33639.0,14591,14381.0,5752.0,0.03743530650560752,0.0,1.0951795824498052,40.0
2018-12-07,29748.0,14647,14410.0,5111.0,-0.0007038762763953597,0.0,0.22099860956212797,35.47
2018-12-08,33550.0,14702,14448.0,5161.0,0.002892145230185093,0.0,0.24421880023172204,35.72
2018-12-09,31074.0,14731,14507.0,4901.0,-0.010758353110321108,0.0,-0.3079933881809203,33.78
2018-12-10,27406.0,14768,14575.0,4504.0,-0.03386424895858864,0.0,-0.924738405985327,30.9
2018-12-11,28149.0,14797,14629.0,4688.0,-0.021288438815269053,0.0,-0.5826971765045079,32.05
2018-12-12,35776.0,14850,14686.0,4692.0,-0.02579716347930979,0.0,-0.6712853020942711,31.95
2018-12-13,30088.0,14923,14716.0,5255.0,2.912282064225589e-05,0.0,0.13212626235009403,35.71
2018-12-14,28333.0,14987,14754.0,6038.0,0.04806928871589295,0.0,1.4907699788319766,40.92
2018-12-15,32837.0,15052,14780.0,6345.0,0.05870867968296956,0.0,1.7955012968896193,42.93
2018-12-16,29129.0,15076,14830.0,7213.0,0.14458626336576427,0.0,3.98409420868001,48.64
2018-12-17,31841.0,15110,14902.0,7763.0,0.2247924535536938,0.0714285714285714,5.969348976960674,52.09
2018-12-18,35788.0,15135,14959.0,7674.0,0.20206182613429147,0.0714285714285714,5.413854473267382,51.3
2018-12-19,42483.0,15178,15025.0,7120.0,0.14009983361064873,0.0,3.7624037340921674,47.39
2018-12-20,55651.0,15246,15047.0,6277.0,0.059898033779870685,0.0,1.5916040659038935,41.72
2018-12-21,51709.0,15301,15078.0,3909.0,-0.09148617664335895,0.0,-2.362285835044185,25.93
2018-12-22,53709.0,15351,15102.0,2645.0,-0.2014681120759795,-0.07142857142857142,-5.076597527288613,17.51
2018-12-23,39402.0,15372,15147.0,4088.0,-0.13037470880608082,-0.07142857142857117,-3.2151986123307577,26.99
2018-12-24,35530.0,15395,15212.0,5072.0,-0.07925603846587267,0.0,-2.1374713168317228,33.34
2018-12-25,13608.0,15401,15268.0,4435.0,-0.11453927916463882,0.0,-3.2299758470261652,29.05
2018-12-26,22687.0,15414,15319.0,4265.0,-0.11166804994731042,0.0,-3.161221760427245,27.84
2018-12-27,48963.0,15436,15340.0,3884.0,-0.1058390761780587,0.0,-2.922518925544802,25.32
2018-12-28,42850.0,15482,15366.0,4040.0,-0.05241163236087116,0.0,-1.452344293849792,26.29
2018-12-29,39302.0,15529,15375.0,7112.0,0.09055516840882631,0.0,2.2206292052255714,46.26
2018-12-30,30870.0,15543,15380.0,6436.0,0.05248002972320281,0.0,1.2409442885855246,41.85
2018-12-31,22216.0,15567,15398.0,5079.0,-0.04294620822741359,0.0,-1.0493534982405959,32.98
2019-01-01,16594.0,15582,15444.0,5345.0,-0.01060976060976061,0.0,-0.2855002563445069,34.61
2019-01-02,40787.0,15607,15481.0,5654.0,0.01833122629582808,0.0,0.37188922298228094,36.52
2019-01-03,44291.0,15639,15499.0,5962.0,0.054215479339680975,0.0,1.1970394393794606,38.47
2019-01-04,40371.0,15713,15521.0,7464.0,0.16578460518928295,0.0,3.475393030577419,48.09
2019-01-05,41315.0,15775,15532.0,6788.0,0.1530802766638456,0.0,2.9426894722852137,43.7
2019-01-06,34909.0,15784,15554.0,5266.0,0.04107349510461239,0.0,0.3409240988724236,33.86
2019-01-07,32060.0,15818,15589.0,4910.0,-0.0002245172878311466,0.0,-0.517402718416997,31.5
2019-01-08,46150.0,15895,15657.0,4932.0,-0.018969151178386743,0.0,-0.7679795833721327,31.5
2019-01-09,49889.0,15958,15718.0,5087.0,-0.0087751985894243,0.0,-0.4473036900182993,32.36
2019-01-10,49693.0,16050,15739.0,5073.0,-0.004860537518266706,0.0,-0.20941466405088197,32.23
2019-01-11,39848.0,16104,15775.0,4648.0,-0.06832239076296141,0.0,-1.263425935295382,29.46
2019-01-12,41927.0,16167,15848.0,4701.0,-0.10056248647869004,0.0,-1.9833619479077191,29.66
2019-01-13,36569.0,16182,15910.0,4407.0,-0.11006105773547582,0.0,-2.4545463568958974,27.7
2019-01-14,33218.0,16212,15998.0,4203.0,-0.10758041183719326,0.0,-2.4686975981666843,26.27
2019-01-15,32723.0,16249,16052.0,4816.0,-0.06207059200455652,0.0,-1.41226323092017,30.0
2019-01-16,43796.0,16286,16116.0,4911.0,-0.054555366450377625,0.0,-1.2175092786309705,30.47
2019-01-17,33654.0,16342,16135.0,4911.0,-0.03338793217937942,0.0,-0.7491771237988645,30.44
2019-01-18,33349.0,16387,16162.0,5292.0,-0.004817296303498518,0.0,-0.09514870660621068,32.74
2019-01-19,35988.0,16434,16188.0,5071.0,-0.029338310565145246,0.0,-0.648871550997586,31.33
2019-01-20,31832.0,16457,16224.0,5526.0,-0.011649408284023666,0.0,-0.2235732673037982,34.06
2019-01-21,32078.0,16477,16274.0,6596.0,0.060626942186485,0.0,1.4671708827402237,40.53
2019-01-22,34339.0,16506,16320.0,6880.0,0.07288602941176468,0.0,1.7835081018926218,42.16
2019-01-23,37371.0,16552,16365.0,6558.0,0.0526035528785299,0.0,1.3287333336489766,40.07
2019-01-24,39493.0,16609,16394.0,5683.0,0.018870144129385303,0.0,0.5078935558152106,34.67
2019-01-25,43674.0,16672,16413.0,6059.0,0.027090894848160414,0.0,0.8177808213536208,36.92
2019-01-26,44906.0,16732,16439.0,6057.0,0.016315730014860138,0.0,0.5965621403591854,36.85
2019-01-27,37760.0,16759,16490.0,5297.0,-0.03199341592307037,0.0,-0.6546887034852549,32.12
2019-01-28,33196.0,16786,16552.0,5230.0,-0.05106417869225984,0.0,-0.8817783437023531,31.6
2019-01-29,41919.0,16864,16617.0,5347.0,-0.05374014563398926,0.0,-0.8902691194727014,32.18
2019-01-30,36114.0,16929,16669.0,5794.0,-0.01719187885124648,0.0,0.06460587521437432,34.76
2019-01-31,35763.0,17020,16701.0,5631.0,-0.00795504118658422,0.0,0.20445606026000096,33.72
2019-02-01,38252.0,17085,16727.0,4534.0,-0.05915158554603775,0.0,-1.5224050805874694,27.11
2019-02-02,40577.0,17162,16802.0,4676.0,-0.05499345316033806,0.0,-1.5725566299005889,27.83
2019-02-03,41192.0,17184,16850.0,5357.0,-0.015171682916490018,0.0,-0.5503118821347055,31.79
2019-02-04,31242.0,17228,16935.0,5131.0,-0.026293812476274922,0.0,-0.9671372647408712,30.3
2019-02-05,33347.0,17309,16993.0,5009.0,-0.03976006927222141,0.0,-1.3723531928714643,29.48
2019-02-06,34980.0,17368,17065.0,4685.0,-0.052392114185258236,0.0,-1.8224580517019466,27.45
2019-02-07,36837.0,17418,17097.0,4355.0,-0.04812456654885164,0.0,-1.6434554930239818,25.47
2019-02-08,34339.0,17469,17141.0,4848.0,-0.022719127905523093,0.0,-0.66326647132031,28.28
2019-02-09,38515.0,17497,17215.0,4879.0,-0.03399858927015484,0.0,-0.7779283241194888,28.34
2019-02-10,34368.0,17507,17272.0,4650.0,-0.05058558856613505,0.0,-1.098780992987332,26.92
2019-02-11,30464.0,17564,17339.0,5090.0,-0.02978833842782166,0.0,-0.6908469251155315,29.36
2019-02-12,32109.0,17639,17390.0,5396.0,-0.0027068101536186794,0.0,-0.2144418080806209,31.03
2019-02-13,30762.0,17690,17422.0,5059.0,-0.02091772307591387,0.0,-0.6314109225640128,29.04
2019-02-14,31601.0,17751,17442.0,4735.0,-0.031340606418005894,0.0,-0.735997087306855,27.15
2019-02-15,35423.0,17824,17500.0,4937.0,-0.017314285714285664,0.0,-0.42597593158420993,28.21
2019-02-16,40133.0,17869,17564.0,5966.0,0.02717002309919642,0.0,0.4847352876228628,33.97
2019-02-17,31207.0,17892,17617.0,7858.0,0.1185178277475484,0.0,2.602426924632663,44.6
2019-02-18,29414.0,17956,17663.0,8782.0,0.1733567344165772,0.0,3.9651730293506158,49.72
2019-02-19,31497.0,18013,17717.0,9014.0,0.19897354437626563,0.0714285714285714,4.7548851405611545,50.88
2019-02-20,40735.0,18060,17744.0,7661.0,0.10712272961483914,0.0,2.658730456827209,43.18
2019-02-21,54764.0,18140,17768.0,5934.0,0.018379751720589223,0.0,0.5171166800222338,33.4
2019-02-22,59866.0,18193,17829.0,6586.0,0.048540499827728546,0.0,1.266552931223725,36.94
2019-02-23,70516.0,18252,17877.0,6155.0,0.02477644858916884,0.0,0.6522311286655462,34.43
2019-02-24,32180.0,18242,17921.0,4569.0,-0.07181120313757978,0.0,-1.734187135644764,25.5
2019-02-25,37038.0,18317,17993.0,3537.0,-0.15528260990385145,-0.07142857142857117,-3.771321238735127,19.66
2019-02-26,40355.0,18364,18053.0,3015.0,-0.2178545710645653,-0.07142857142857142,-5.316829926022211,16.7
2019-02-27,42841.0,18409,18127.0,3713.0,-0.13371529446996946,0.0,-3.2879430571368577,20.48
2019-02-28,38815.0,18450,18145.0,4455.0,-0.038397039719718126,0.0,-1.0676389046262023,24.55
2019-03-01,39962.0,18511,18221.0,3954.0,-0.06904513630269592,0.0,-1.8904387181092994,21.7
2019-03-02,38400.0,18549,18267.0,5242.0,-0.021623692998302954,0.0,-0.4097270041194141,28.7
2019-03-03,33346.0,18550,18315.0,5893.0,0.019780819780819754,0.0,0.8326971271859421,32.18
2019-03-04,29009.0,18607,18365.0,5524.0,-0.005130099957216753,0.0,0.07913644186241026,30.08
2019-03-05,33219.0,18657,18432.0,5347.0,-0.017558748759920608,0.0,-0.3088627869575049,29.01
2019-03-06,47142.0,18726,18478.0,5560.0,0.004329472886676066,0.0,0.30098353444193754,30.09
2019-03-07,42418.0,18786,18485.0,5468.0,0.019343869546736694,0.0,0.6838788652218093,29.58
2019-03-08,37942.0,18873,18543.0,5379.0,0.01253842420320338,0.0,0.5169434638080007,29.01
2019-03-09,38762.0,18925,18592.0,5135.0,-0.023650725350381156,0.0,-0.5557655932876354,27.62
2019-03-10,37637.0,18941,18660.0,4865.0,-0.05034451079467146,0.0,-1.3521874480364648,26.07
2019-03-11,33906.0,19010,18712.0,4846.0,-0.03995526171135422,0.0,-0.978870803308465,25.9
2019-03-12,35757.0,19079,18802.0,6268.0,0.019249471940674986,0.0,0.6575912996515287,33.34
2019-03-13,42966.0,19172,18851.0,6369.0,0.027084580583068764,0.0,0.7392744870245899,33.79
2019-03-14,37301.0,19231,18869.0,4791.0,-0.027743918596639907,0.0,-0.7552344348702852,25.39
2019-03-15,35597.0,19296,18937.0,4731.0,-0.03402258616917754,0.0,-0.9343688158511971,24.98
2019-03-16,49030.0,19344,18989.0,5167.0,-0.0322893705378303,0.0,-1.0288002322676886,27.21
2019-03-17,37648.0,19361,19073.0,5419.0,-0.023986787605515703,0.0,-0.9011897509234678,28.41
2019-03-18,29630.0,19422,19118.0,5897.0,0.012811411833276075,0.0,-0.1329705497162934,30.85
2019-03-19,34112.0,19473,19192.0,5556.0,-0.014935538617281027,0.0,-0.9561698971348701,28.95
2019-03-20,39625.0,19508,19232.0,5376.0,-0.0355137271214642,0.0,-1.3833789332297899,27.95
2019-03-21,39397.0,19607,19253.0,5875.0,0.010885131074192493,0.0,-0.04931270802815683,30.51
2019-03-22,42062.0,19667,19314.0,6325.0,0.04752659063003891,0.0,0.8535140236564466,32.75
2019-03-23,42209.0,19734,19358.0,6300.0,0.04751450120289882,0.0,0.9139247674077651,32.54
2019-03-24,38747.0,19753,19402.0,6166.0,0.032964201039657075,0.0,0.6058787243864697,31.78
2019-03-25,35710.0,19837,19504.0,6000.0,0.015498652291105147,0.0,0.19385694813444024,30.76
2019-03-26,44955.0,19910,19581.0,5900.0,0.012818548593023876,0.0,0.19425366173121125,30.13
2019-03-27,46575.0,19965,19651.0,5954.0,0.01698932079065406,0.0,0.3222607985380244,30.3
2019-03-28,44882.0,20055,19681.0,5868.0,0.01987776463158808,0.0,0.38756301845786584,29.82
2019-03-29,45322.0,20134,19764.0,5428.0,-0.009107468123861586,0.0,-0.2627821621236336,27.46
2019-03-30,47275.0,20226,19837.0,5045.0,-0.04563262013985413,0.0,-1.019935948314629,25.43
2019-03-31,43665.0,20270,19895.0,5088.0,-0.04500053854162926,0.0,-0.983722975964319,25.57
2019-04-01,42177.0,20329,19983.0,4820.0,-0.05298074792144743,0.0,-1.1448156737600366,24.12
2019-04-02,40619.0,20376,20059.0,8541.0,0.18581612813628437,0.0,3.9836249347515693,42.58
2019-04-03,42941.0,20446,20143.0,8468.0,0.19576811511975092,0.0,4.170512829641661,42.04
2019-04-04,40916.0,20510,20192.0,4318.0,-0.06263796128594037,0.0,-1.4096987338199871,21.38
2019-04-05,38706.0,20592,20251.0,4523.0,-0.05410667550808788,0.0,-1.2616343461498096,22.33
2019-04-06,114840.0,20706,20304.0,5165.0,-0.029308088483620504,0.0,-0.7101903454728934,25.44
2019-04-07,38989.0,20716,20372.0,5112.0,-0.03325993660766876,0.0,-0.8055572626224714,25.09
2019-04-08,32991.0,20782,20428.0,5179.0,-0.023738426249685415,0.0,-0.5738964994498709,25.35
2019-04-09,38052.0,20854,20515.0,3144.0,-0.26182235994568565,0.0,-5.688418179369755,15.33
2019-04-10,41494.0,20917,20635.0,3183.0,-0.2627193741562538,0.0,-5.723793912220217,15.43
2019-04-11,39482.0,20988,20655.0,5843.0,0.007756682920081608,0.0,0.17388065265445224,28.29
2019-04-12,40089.0,21039,20716.0,6209.0,0.02313946432019428,0.0,0.526042480663122,29.97
2019-04-13,42892.0,21097,20784.0,6213.0,0.005533102386451126,0.0,0.24676362260990753,29.89
2019-04-14,40321.0,21113,20841.0,6570.0,0.009222891690143733,0.0,0.3982660080961284,31.52
2019-04-15,39888.0,21203,20897.0,7141.0,0.03638936552751937,0.0,0.8764605953009139,34.17
2019-04-16,43062.0,21285,20945.0,7087.0,0.04892746308358616,0.0,1.10309689427531,33.84
2019-04-17,43135.0,21361,20985.0,5412.0,-0.017798427448177244,0.0,-0.4533282395539659,25.79
2019-04-18,45092.0,21422,21009.0,4198.0,-0.04152982055309641,0.0,-0.9524173819981813,19.98
2019-04-19,50622.0,21471,21098.0,6232.0,0.048061427623471605,0.0,0.9045494855015488,29.54
2019-04-20,52827.0,21488,21175.0,8018.0,0.14837915331421825,0.0,2.8259058827988293,37.87
2019-04-21,31154.0,21469,21242.0,8268.0,0.1486643711245914,0.0,2.8142044578508036,38.92
2019-04-22,43235.0,21542,21297.0,7005.0,0.04625399955728164,0.0,0.7508595039774547,32.89
2019-04-23,59241.0,21610,21357.0,4641.0,-0.08570960340871799,0.0,-1.9065339060479132,21.73
2019-04-24,77191.0,21682,21390.0,5189.0,-0.053603152340880096,0.0,-1.0557459026761364,24.26
2019-04-25,61146.0,21725,21391.0,7429.0,0.036323687532139784,0.0,0.7815069833546447,34.73
2019-04-26,52568.0,21747,21459.0,7644.0,0.0003328606711802522,0.0,-0.029599541768575884,35.62
2019-04-27,28086.0,21753,21412.0,7107.0,-0.037245469830001716,0.0,-0.8931650944588144,33.19
2019-04-28,43033.0,21761,21418.0,6511.0,-0.023848431893067245,0.0,-0.7395518788718131,30.4
2019-04-29,46351.0,21799,21433.0,6623.0,0.0067052809086122255,0.0,-0.01887872195958932,30.9
2019-04-30,60294.0,21840,21446.0,7515.0,0.06669908474440762,0.0,1.2784572264399106,35.04
2019-05-01,69936.0,21771,21443.0,7217.0,0.05464653799774801,0.0,1.0734876983427746,33.66
2019-05-02,66284.0,21749,21442.0,4927.0,-0.04752355190747141,0.0,-1.0330229917469445,22.98
2019-05-03,53759.0,21764,21462.0,4222.0,-0.09749457512946416,0.0,-2.122551968875443,19.67
2019-05-04,50441.0,21774,21490.0,3627.0,-0.15965565379246313,0.0,-3.2880369561392655,16.88
2019-05-05,40288.0,21774,21528.0,3409.0,-0.19633566916175738,0.0,-3.865917649655792,15.84
2019-05-06,37897.0,21862,21571.0,3663.0,-0.1512248587720298,0.0,-2.993281992214841,16.98
2019-05-07,42305.0,21929,21613.0,4558.0,-0.08585110812936608,0.0,-1.7541291754168507,21.09
2019-05-08,42634.0,21964,21630.0,4713.0,-0.06824846443431695,0.0,-1.4345664824940216,21.79
2019-05-09,37398.0,22013,21646.0,4796.0,-0.04860680297250552,0.0,-0.9765301191273602,22.16
2019-05-10,40322.0,22049,21746.0,5357.0,-0.02811354469130612,0.0,-0.5193755741806881,24.63
2019-05-11,40905.0,22110,21822.0,5431.0,-0.02636592167799215,0.0,-0.5274507353546081,24.89
2019-05-12,32127.0,22124,21866.0,9214.0,0.15561667820883088,0.0,3.2377569737558916,42.14
2019-05-13,34261.0,22182,21895.0,9544.0,0.16425798453658816,0.0,3.389687197357355,43.59
2019-05-14,39747.0,22229,21923.0,6110.0,0.004284476186131983,0.0,-0.02727680161928393,27.87
2019-05-15,39426.0,22265,21979.0,6363.0,0.018423430157358013,0.0,0.24571385728154663,28.95
2019-05-16,93914.0,22396,22005.0,6561.0,0.024838510728081364,0.0,0.3953807248783303,29.82
2019-05-17,39868.0,22403,22056.0,6598.0,0.020454427690554028,0.0,0.3433242884150003,29.91
2019-05-18,46082.0,22412,22083.0,7436.0,0.026125461732037024,0.0,0.6790291923482126,33.67
2019-05-19,35897.0,22403,22092.0,5546.0,-0.12223881948216532,0.0,-2.321075227470423,25.1
2019-05-20,41606.0,22488,22193.0,5968.0,-0.09980624521245433,0.0,-1.8341121617119018,26.89
2019-05-21,42264.0,22530,22172.0,8903.0,0.0659422437566038,0.0,1.7111214892490825,40.15
2019-05-22,49114.0,22565,22131.0,8609.0,0.05865398891019032,0.0,1.5134740476930708,38.9
2019-05-23,50585.0,22562,22120.0,7983.0,0.058221389821751325,0.0,1.3359305454116177,36.09
2019-05-24,55737.0,22557,22197.0,7134.0,0.03471511594230883,0.0,0.7644784104551009,32.14
2019-05-25,54337.0,22536,22224.0,7179.0,0.060700143988481045,0.0,0.8511651463505733,32.3
2019-05-26,49726.0,22477,22254.0,6573.0,0.025658308618675255,0.0,0.19028585054692354,29.54
2019-05-27,49955.0,22527,22265.0,7070.0,0.009181611112893392,0.0,0.26739265186142847,31.75
2019-05-28,48038.0,22571,22242.0,7364.0,0.042779426310583527,0.0,0.7238381178083303,33.11
2019-05-29,66185.0,22607,22239.0,6399.0,0.023796676366485994,0.0,0.1643572514331645,28.77
2019-05-30,45733.0,22612,22238.0,5844.0,0.005013940102527244,0.0,-0.07204588546180402,26.28
2019-05-31,67371.0,22644,22289.0,5932.0,-0.005012081552078864,0.0,-0.18346751477964138,26.61
2019-06-01,60371.0,22620,22328.0,5723.0,-0.05487024619951872,0.0,-0.871554493083104,25.63
2019-06-02,55958.0,22593,22361.0,5858.0,-0.04917043066052494,0.0,-0.9236202182456109,26.2
2019-06-03,50760.0,22685,22354.0,5036.0,-0.06272766778716454,0.0,-1.6692573216651265,22.53
2019-06-04,50282.0,22734,22387.0,4323.0,-0.12347727316235872,0.0,-2.6010627647348845,19.31
2019-06-05,51525.0,22757,22403.0,3985.0,-0.14666403096524097,0.0,-2.838066915864994,17.79
2019-06-06,50375.0,22760,22409.0,3698.0,-0.13689015255350295,0.0,-2.599456666265514,16.5
2019-06-07,47315.0,22748,22505.0,4862.0,-0.07312343288792918,0.0,-1.3126997205317137,21.6
2019-06-08,44696.0,22750,22558.0,4470.0,-0.08150101959393503,0.0,-1.542052177304339,19.82
2019-06-09,28673.0,22737,22583.0,4870.0,-0.05973836197898528,0.0,-1.1074966648136282,21.56
2019-06-10,38172.0,22787,22597.0,6132.0,-0.014012605971715556,0.0,-0.20147570141711837,27.14
2019-06-11,42030.0,22805,22593.0,6196.0,-0.012254111576910632,0.0,-0.20611685245368622,27.42
2019-06-12,35569.0,22794,22582.0,6347.0,0.006360944873919808,0.0,0.11465545195294306,28.11
2019-06-13,76543.0,22823,22578.0,7154.0,0.03568581299115449,0.0,0.6616039577773881,31.69
2019-06-14,47066.0,22829,22618.0,7857.0,0.07175069161097945,0.0,1.3811312450492785,34.74
2019-06-15,45178.0,22824,22621.0,10462.0,0.2393730225391078,0.0,5.258959086383036,46.25
2019-06-16,33347.0,22793,22538.0,10769.0,0.31107462951459836,0.0,6.988402827565126,47.78
2019-06-17,48511.0,22850,22537.0,9705.0,0.13829005001299527,0.0,4.4899387769535215,43.06
2019-06-18,58581.0,22907,22524.0,9755.0,0.22044739579369277,0.0,4.7917181830693725,43.31
2019-06-19,99864.0,22943,22512.0,9718.0,0.24853094222763758,0.0,5.316502955462283,43.17
2019-06-20,89559.0,22907,22497.0,9093.0,0.25706602150128005,0.0,5.356560835291052,40.42
2019-06-21,81405.0,22925,22523.0,8219.0,0.21301082702760987,0.0,4.252116118589288,36.49
2019-06-22,84814.0,22935,22580.0,7121.0,0.058060230292294186,0.0,0.8815315287827076,31.54
2019-06-23,77900.0,22918,22601.0,6447.0,-0.0677024404735566,0.0,-1.6697941820303974,28.53
2019-06-24,92253.0,23002,22621.0,5879.0,-0.07245479863843295,0.0,-1.5463565232785719,25.99
2019-06-25,88894.0,23002,22644.0,4924.0,-0.11559038029626313,0.0,-2.339897905549506,21.75
2019-06-26,93288.0,23062,22672.0,4535.0,-0.1515588769029142,0.0,-3.0236126735623103,20.0
2019-06-27,79791.0,23108,22674.0,5333.0,-0.14875439458662504,0.0,-2.7267566372030725,23.52
2019-06-28,72634.0,23117,22752.0,5776.0,-0.15016890194896498,0.0,-2.595347246089197,25.39
2019-06-29,60911.0,23113,22761.0,5601.0,-0.15612545268535777,0.0,-2.8743420041839576,24.61
2019-06-30,57424.0,23122,22817.0,5179.0,-0.15791483793412175,0.0,-3.0264347551963,22.7
2019-07-01,70099.0,23196,22863.0,5031.0,-0.13667122799782586,0.0,-2.629704226053523,22.0
2019-07-02,67887.0,23222,22874.0,5856.0,-0.08535580009742826,0.0,-1.5488862867490365,25.6
2019-07-03,69000.0,23226,22879.0,5903.0,-0.07266176718512936,0.0,-1.3236522414080165,25.8
2019-07-04,56930.0,23225,22890.0,4944.0,-0.11376146788990812,0.0,-2.3288789916057007,21.6
2019-07-05,54328.0,23212,22960.0,4983.0,-0.1153838974614239,0.0,-2.3650563272298077,21.7
2019-07-06,54191.0,23198,22992.0,5788.0,-0.07670991152201984,0.0,-1.4961189254871958,25.17
2019-07-07,43168.0,23172,22981.0,6322.0,-0.03044751254141626,0.0,-0.5324348109297267,27.51
2019-07-08,50263.0,23201,22969.0,6027.0,-0.027325650099824034,0.0,-0.48831536669045406,26.24
2019-07-09,52555.0,23219,22959.0,5817.0,-0.03715007497837761,0.0,-0.8022324817746637,25.34
2019-07-10,61304.0,23245,22946.0,6230.0,-0.014873429542652916,0.0,-0.40594153168118025,27.15
2019-07-11,56437.0,23242,22934.0,6329.0,-0.0014202244951351075,0.0,-0.077512068121838,27.6
2019-07-12,47600.0,23252,22967.0,6198.0,-0.011609825277261163,0.0,-0.23847052503844202,26.99
2019-07-13,50732.0,23285,22982.0,6016.0,-0.02375772343573236,0.0,-0.5004261522380694,26.18
2019-07-14,43825.0,23294,22992.0,6213.0,-0.017937916293866145,0.0,-0.49405194063621877,27.02
2019-07-15,51417.0,23365,23006.0,6526.0,-0.0007730902497485198,0.0,-0.15478661911851588,28.37
2019-07-16,49995.0,23401,23022.0,6252.0,-0.012336026409521302,0.0,-0.2290045713192938,27.16
2019-07-17,58602.0,23432,23065.0,6046.0,-0.01365395930754693,0.0,-0.16121392456297126,26.21
2019-07-18,55916.0,23467,23096.0,6629.0,0.018426196249195913,0.0,0.5198046800206777,28.7
2019-07-19,50464.0,23490,23163.0,7252.0,0.049598805977513545,0.0,1.101928339402203,31.31
2019-07-20,46202.0,23506,23184.0,9232.0,0.22175391895888735,0.0,5.271416781390092,39.82
2019-07-21,46253.0,23502,23190.0,8730.0,0.20639746196020414,0.0,4.962214442504342,37.65
2019-07-22,57441.0,23539,23231.0,6519.0,0.031312839371037404,0.0,0.6863269796851402,28.06
2019-07-23,61842.0,23560,23240.0,6802.0,0.032653061224489764,0.0,0.653517760915026,29.27
2019-07-24,120584.0,23572,23246.0,6816.0,0.01804304273546297,0.0,0.32397723011768065,29.32
2019-07-25,62621.0,23573,23246.0,6213.0,-0.01933358734528834,0.0,-0.44897954868873236,26.73
2019-07-26,55421.0,23577,23262.0,5626.0,-0.060101084540083685,0.0,-1.253196856853967,24.19
2019-07-27,53303.0,23569,23282.0,4270.0,-0.25202793083559366,0.0,-5.80500447918922,18.34
2019-07-28,46545.0,23548,23276.0,4913.0,-0.25013809441975804,0.0,-5.6874220039552394,21.11
2019-07-29,52724.0,23601,23288.0,5991.0,-0.08936852824262645,0.0,-1.7490051137195342,25.73
2019-07-30,49241.0,23634,23289.0,5293.0,-0.09571655533268295,0.0,-1.9687042336392522,22.73
2019-07-31,53450.0,23645,23286.0,4812.0,-0.08952650887719132,0.0,-1.8651638296881299,20.66
2019-08-01,50762.0,23640,23291.0,4946.0,-0.07704999478645914,0.0,-1.5821748630926633,21.24
2019-08-02,40065.0,23637,23333.0,5913.0,-0.04405777225388946,0.0,-0.8336644206506444,25.34
2019-08-03,39045.0,23662,23364.0,5773.0,-0.04028175214615896,0.0,-0.9483159887601149,24.71
2019-08-04,33406.0,23642,23369.0,5412.0,-0.052450438003948816,0.0,-1.3530801315168712,23.16
2019-08-05,42866.0,23715,23362.0,5597.0,-0.032384702875243095,0.0,-0.8266683318419903,23.96
2019-08-06,46569.0,23744,23367.0,6166.0,-0.009326339343029526,0.0,-0.3214710515289078,26.39
2019-08-07,45279.0,23749,23377.0,6053.0,-0.007712097971754905,0.0,-0.3595836694199042,25.89
2019-08-08,44429.0,23757,23379.0,5386.0,-0.024405296572626328,0.0,-0.7316047738255226,23.04
2019-08-09,38173.0,23767,23451.0,5535.0,-0.026767058364858036,0.0,-0.7588124040518359,23.6
2019-08-10,39940.0,23782,23477.0,6509.0,0.004770626570686214,0.0,0.13977657388724837,27.73
2019-08-11,31795.0,23756,23458.0,7249.0,0.02863780860626287,0.0,0.8299577069081208,30.9
2019-08-12,38442.0,23825,23433.0,7256.0,0.027360681822338487,0.0,0.7961872164376632,30.96
2019-08-13,43974.0,23898,23401.0,6929.0,0.0163515600676406,0.0,0.574617868739526,29.61
2019-08-14,51471.0,23934,23379.0,7106.0,0.033354108998918414,0.0,1.0247253468689699,30.39
2019-08-15,50087.0,23934,23374.0,6900.0,0.02614015572858732,0.0,0.8465262042663326,29.52
2019-08-16,44125.0,23909,23406.0,5809.0,-0.02041295882618626,0.0,-0.37567790077220964,24.82
2019-08-17,41884.0,23858,23453.0,5058.0,-0.053684877353491034,0.0,-1.3548465921985173,21.57
2019-08-18,43710.0,23809,23493.0,4738.0,-0.07525949979021064,0.0,-1.949143994687835,20.17
2019-08-19,38298.0,23868,23505.0,4684.0,-0.07163217552496368,0.0,-1.850154450131198,19.93
2019-08-20,40021.0,23874,23510.0,4538.0,-0.06803487877498857,0.0,-1.7694190924447173,19.3
2019-08-21,40712.0,23893,23521.0,4205.0,-0.0878212175138318,0.0,-2.2677940783216815,17.88
2019-08-22,38974.0,23932,23523.0,4164.0,-0.0796302706773301,0.0,-2.0358387563822853,17.7
2019-08-23,34451.0,23935,23591.0,4622.0,-0.056886100631596465,0.0,-1.322758974741444,19.59
2019-08-24,31604.0,23935,23627.0,4681.0,-0.05661198749614535,0.0,-1.1858271063410988,19.81
2019-08-25,27419.0,23929,23659.0,5121.0,-0.03680870463067513,0.0,-0.7917751858235423,21.65
2019-08-26,30813.0,23958,23698.0,5423.0,-0.017741099309164177,0.0,-0.4483389797411995,22.88
2019-08-27,30752.0,23976,23717.0,5289.0,-0.018907474445696022,0.0,-0.45647870103565097,22.3
2019-08-28,33304.0,24012,23717.0,5468.0,-0.00360199736174774,0.0,-0.13848021347897352,23.06
2019-08-29,36624.0,24048,23720.0,5566.0,0.006528547337990861,0.0,0.0382307875631209,23.47
2019-08-30,33258.0,24051,23745.0,5296.0,0.0008663478025448933,0.0,-0.1326157178566549,22.3
2019-08-31,28637.0,24064,23766.0,5237.0,-0.0025817193830321742,0.0,-0.2102398326109615,22.04
2019-09-01,31690.0,24052,23805.0,5634.0,3.0005701083197567e-05,0.0,-0.1329344172963142,23.67
2019-09-02,31815.0,24101,23815.0,5894.0,0.010947482079121829,0.0,0.06410296080703362,24.75
2019-09-03,32804.0,24126,23805.0,6145.0,0.028778467908902653,0.0,0.40973711765710097,25.81
2019-09-04,33131.0,24143,23812.0,6222.0,0.026289265916344635,0.0,0.42234669144471176,26.13
2019-09-05,40994.0,24228,23809.0,5395.0,-0.0004410097022134443,0.0,-0.06542570578239845,22.66
2019-09-06,37065.0,24222,23865.0,5382.0,0.0027505911226841573,0.0,-0.06018878306275804,22.55
2019-09-07,37878.0,24229,23883.0,5572.0,0.007309443058720808,0.0,-0.008055944364677992,23.33
2019-09-08,34606.0,24215,23887.0,4839.0,-0.022504769480111864,0.0,-0.5695624338595446,20.26
2019-09-09,32119.0,24236,23962.0,4781.0,-0.03767274374903116,0.0,-0.8735827131002221,19.95
2019-09-10,36429.0,24264,23964.0,5084.0,-0.02617020769249117,0.0,-0.5735250922064865,21.22
2019-09-11,34709.0,24276,23958.0,4900.0,-0.03233933192610889,0.0,-0.7522264986656199,20.45
2019-09-12,34200.0,24311,23953.0,4956.0,-0.02328667449946628,0.0,-0.6056230565806627,20.69
2019-09-13,35355.0,24347,23983.0,5135.0,-0.01345000327613012,0.0,-0.3697755632923196,21.41
2019-09-14,34608.0,24363,23996.0,5338.0,-0.006498106827328348,0.0,-0.2308854180582313,22.25
2019-09-15,29983.0,24333,24000.0,5550.0,0.0013392857142857154,0.0,-0.08058928284874287,23.13
2019-09-16,32490.0,24379,24027.0,4912.0,-0.019504842766173813,0.0,-0.46621872033352846,20.44
2019-09-17,35603.0,24400,24045.0,3523.0,-0.06331877729257597,0.0,-1.3470249896515472,14.65
2019-09-18,37528.0,24428,24080.0,4107.0,-0.042094803037494084,0.0,-0.924029042979709,17.06
2019-09-19,35261.0,24460,24086.0,5285.0,-0.0005575260079951638,0.0,-0.08405624847488119,21.94
2019-09-20,30412.0,24472,24139.0,5198.0,-0.006865002100927367,0.0,-0.17647244195124384,21.53
2019-09-21,19792.0,24452,24150.0,5476.0,-0.0011209701271813022,0.0,-0.03569247298525045,22.67
2019-09-22,32594.0,24462,24185.0,5571.0,0.000572964352166335,0.0,0.013502649685781092,23.03
2019-09-23,32714.0,24480,24222.0,5777.0,0.007463698880592597,0.0,0.15798144779003798,23.85
2019-09-24,35471.0,24487,24228.0,11945.0,0.4983342767518023,0.0,9.476668784990308,49.3
2019-09-25,39744.0,24473,24173.0,11576.0,0.5050174043058591,0.0,9.631574275168923,47.89
2019-09-26,35318.0,24486,24187.0,5612.0,0.003567441778050774,0.0,0.13197161567283516,23.2
2019-09-27,34377.0,24476,24207.0,5631.0,-0.003416957314590227,0.0,-0.046566245677653266,23.26
2019-09-28,191378.0,24558,24201.0,7462.0,0.06258596161905909,0.0,1.7414687017643689,30.83
2019-09-29,38280.0,24478,24170.0,7777.0,0.09255570660204465,0.0,2.632175954929806,32.18
2019-09-30,30535.0,24504,24156.0,6942.0,0.05337035459986259,0.0,1.542643412240982,28.74
2019-10-01,38931.0,24507,24142.0,3047.0,-0.42122501390581674,0.0,-7.5766271199349395,12.62
2019-10-02,60412.0,24491,24236.0,3138.0,-0.4402983754980743,0.0,-7.916518186738746,12.95
2019-10-03,48536.0,24467,24217.0,6244.0,0.020443136167627232,0.0,0.8530422131610216,25.78
2019-10-04,41806.0,24440,24236.0,5756.0,0.006430811307853733,0.0,0.45737958602857565,23.75
2019-10-05,41444.0,24423,24224.0,4815.0,-0.06758055765238681,0.0,-1.3891286857804275,19.88
2019-10-06,40374.0,24396,24203.0,4536.0,-0.09542500634514003,0.0,-2.2490854368152564,18.74
2019-10-07,37480.0,24455,24191.0,4395.0,-0.07267460743960236,0.0,-1.644611358071947,18.17
2019-10-08,36168.0,24481,24181.0,4493.0,-0.05539768531373488,0.0,-1.2156758826905114,18.58
2019-10-09,42557.0,24491,24165.0,4708.0,-0.051281369158463985,0.0,-1.17557928072448,19.48
2019-10-10,36687.0,24491,24142.0,4672.0,-0.05403742144691514,0.0,-1.1919928140946021,19.35
2019-10-11,31559.0,24487,24201.0,5042.0,-0.03570690703453821,0.0,-0.7128093088066924,20.83
2019-10-12,35410.0,24480,24225.0,5165.0,-0.03392304290137104,0.0,-0.7494271111060952,21.32
2019-10-13,31843.0,24466,24229.0,4806.0,-0.042985678319369454,0.0,-1.0098564547900892,19.84
2019-10-14,30674.0,24495,24228.0,4464.0,-0.03452027170452128,0.0,-0.839155613880817,18.42
2019-10-15,32996.0,24528,24222.0,4538.0,-0.029984547695719448,0.0,-0.7673161566181629,18.74
2019-10-16,36100.0,24533,24200.0,4365.0,-0.03649645808736726,0.0,-0.9389654906039447,18.04
2019-10-17,30538.0,24547,24207.0,4528.0,-0.026255687552006864,0.0,-0.7539586404439952,18.71
2019-10-18,28111.0,24574,24237.0,5114.0,-0.008019026400014138,0.0,-0.3375679497239882,21.1
2019-10-19,31334.0,24581,24250.0,5214.0,-0.009157584683357861,0.0,-0.38467033616382346,21.5
2019-10-20,26835.0,24552,24248.0,5476.0,0.0043302540415704385,0.0,-0.0808259454705829,22.58
2019-10-21,30485.0,24590,24255.0,6185.0,0.0304973937626999,0.0,0.5209982655160111,25.5
2019-10-22,34037.0,24601,24252.0,5967.0,0.02231332909215143,0.0,0.3673555535417259,24.6
2019-10-23,35552.0,24588,24259.0,5708.0,0.015125461537102595,0.0,0.21492946149221004,23.53
2019-10-24,36289.0,24601,24250.0,5233.0,0.0019027982326951377,0.0,-0.052695302187685034,21.58
2019-10-25,35865.0,24613,24269.0,4432.0,-0.027533655515855144,0.0,-0.6258858712843559,18.26
2019-10-26,33487.0,24582,24284.0,4628.0,-0.029649151704826213,0.0,-0.6617233168449499,19.06
2019-10-27,32073.0,24569,24277.0,4774.0,-0.027986512807536865,0.0,-0.5817372502010496,19.66
2019-10-28,28498.0,24633,24300.0,4615.0,-0.03341269841269841,0.0,-0.6495211366615395,18.99
2019-10-29,29080.0,24633,24320.0,4953.0,-0.018805803571428605,0.0,-0.33410825991722226,20.37
2019-10-30,32932.0,24635,24317.0,8062.0,0.1296124404443688,0.0,2.681594499873266,33.15
2019-10-31,31771.0,24649,24309.0,7919.0,0.12476860422065938,0.0,2.6000800233687897,32.58
2019-11-01,31130.0,24644,24378.0,5074.0,-0.014295676429567642,0.0,-0.19129878228799263,20.81
2019-11-02,33823.0,24626,24386.0,4845.0,-0.023277407411746803,0.0,-0.36674914688048893,19.87
2019-11-03,80730.0,24602,24379.0,4568.0,-0.03173691643276127,0.0,-0.5687384766026508,18.74
2019-11-04,26878.0,24619,24397.0,4760.0,-0.022874592309358913,0.0,-0.41979225106435103,19.51
2019-11-05,27206.0,24621,24353.0,4840.0,-0.02117368936651983,0.0,-0.4089524058555422,19.87
2019-11-06,28400.0,24632,24327.0,2863.0,-0.1824281075113493,0.0,-3.662876498381101,11.77
2019-11-07,27171.0,24627,24329.0,3374.0,-0.13790420603277706,0.0,-2.7670725796639326,13.87
2019-11-08,29474.0,24618,24349.0,5641.0,0.02096888695927671,0.0,0.4099179319536081,23.17
2019-11-09,29885.0,24561,24352.0,4530.0,-0.019810634503472944,0.0,-0.37236891674737566,18.6
2019-11-10,24241.0,24515,24362.0,4908.0,-0.009549415365850814,0.0,-0.18539947666182455,20.15
2019-11-11,39374.0,24519,24342.0,4841.0,-0.010161742784370325,0.0,-0.2079308810304789,19.89
2019-11-12,24049.0,24533,24329.0,4918.0,-0.009932297140978125,0.0,-0.18298266478346137,20.21
2019-11-13,26417.0,24533,24288.0,5164.0,-0.0024409467344249955,0.0,0.0010369790293449704,21.26
2019-11-14,27125.0,24523,24261.0,3966.0,-0.05110200380387092,0.0,-0.9461990402730491,16.35
2019-11-15,27170.0,24496,24258.0,3835.0,-0.05091103965702038,0.0,-0.9649757085600478,15.81
2019-11-16,29904.0,24476,24275.0,5050.0,0.0015948212446667675,0.0,0.07031421788231024,20.8
2019-11-17,24686.0,24432,24282.0,5128.0,-0.0001823808347159022,0.0,0.06195975057159914,21.12
2019-11-18,22863.0,24427,24271.0,5178.0,0.0016774869479743583,0.0,0.0887022287202676,21.33
2019-11-19,24512.0,24432,24246.0,5224.0,0.0011224237282143666,0.0,0.08069613498313634,21.55
2019-11-20,27503.0,24432,24220.0,5073.0,-0.0035920726672171678,0.0,-0.06386667719115148,20.95
2019-11-21,27127.0,24448,24203.0,5353.0,0.03793803601678657,0.0,0.4920846504601672,22.12
2019-11-22,28942.0,24460,24203.0,5742.0,0.0707055205671078,0.0,1.024731295085099,23.72
2019-11-23,29921.0,24457,24210.0,5626.0,0.042845341358352516,0.0,0.7158394487082608,23.24
2019-11-24,24751.0,24419,24204.0,9630.0,0.22313903250938597,0.0,4.586017448053256,39.79
2019-11-25,36719.0,24425,24164.0,12307.0,0.5695396930498658,0.07142857142857142,11.541114930253569,50.93
2019-11-26,35732.0,24426,24123.0,11341.0,0.45065764149211124,0.0,9.21861586485845,47.01
2019-11-27,32071.0,24449,24137.0,7846.0,0.20924898939979603,0.0,4.2792456984836384,32.51
2019-11-28,101867.0,24509,24125.0,5804.0,0.17688230940044414,0.0,3.650002118239616,24.06
2019-11-29,154728.0,24502,24130.0,4861.0,0.010431590787993581,0.0,0.5988939584378629,20.15
2019-11-30,62385.0,24455,24131.0,3848.0,-0.07966042494242674,0.0,-1.3487423048163736,15.95
2019-12-01,65929.0,24517,24151.0,1923.0,-0.27565554812873877,0.0,-5.5080234389997695,7.96
2019-12-02,58729.0,24590,24219.0,1097.0,-0.6355458819226821,-0.07142857142857142,-12.778371167697735,4.53
2019-12-03,21956.0,24627,24261.0,1504.0,-0.5023553380793341,0.0,-10.258998415731234,6.2
2019-12-04,23896.0,24635,24274.0,2866.0,-0.24414717687355125,0.0,-4.992001693809247,11.81
2019-12-05,21452.0,24675,24343.0,3634.0,-0.23765705600319303,0.0,-4.636343475697405,14.93
2019-12-06,23450.0,24700,24422.0,4521.0,-0.0925775354773798,0.0,-1.8108633017068687,18.51
2019-12-07,26912.0,24734,24459.0,5804.0,0.02574570856184986,0.0,0.5286887755362938,23.73
2019-12-08,22277.0,24726,24454.0,6004.0,0.03502202385820614,0.0,0.7195424780867641,24.55
2019-12-09,23850.0,24750,24497.0,5800.0,0.02977624082249149,0.0,0.638355930982759,23.68
2019-12-10,27011.0,24800,24518.0,5510.0,0.015536690245067764,0.0,0.39496461624784046,22.47
2019-12-11,29967.0,24859,24545.0,5631.0,0.01753630358234148,0.0,0.44747451388918563,22.94
2019-12-12,30072.0,24883,24533.0,5923.0,0.02037488863396827,0.0,0.5389939603122971,24.14
2019-12-13,27639.0,24908,24554.0,6094.0,0.022277429339415195,0.0,0.6063938252524907,24.82
2019-12-14,30646.0,24930,24573.0,7564.0,0.10616181523274668,0.0,2.4036708168920327,30.78
2019-12-15,27229.0,24926,24585.0,7908.0,0.1525843284232552,0.0,3.4581714855423096,32.17
2019-12-16,28541.0,24941,24587.0,7709.0,0.12149568006321611,0.0,2.843161833061082,31.35
2019-12-17,32330.0,24968,24557.0,7896.0,0.12687682883553758,0.0,2.970826462076616,32.15
2019-12-18,63236.0,24968,24543.0,7918.0,0.1117106419636677,0.0,2.6374315496130234,32.26
2019-12-19,51065.0,24945,24518.0,7959.0,0.1038712083250795,0.0,2.4910174494214767,32.46
2019-12-20,50110.0,24926,24470.0,7106.0,0.06521104559518932,0.0,1.6512234050632968,29.04
2019-12-21,53390.0,24885,24472.0,2868.0,-0.1376237565964611,0.0,-2.91612189620253,11.72
2019-12-22,44505.0,24832,24509.0,1538.0,-0.23919784568934055,0.0,-5.210410148422538,6.28
2019-12-23,48687.0,24816,24539.0,4151.0,-0.12637608937376615,0.0,-2.7500988344260042,16.92
2019-12-24,36044.0,24764,24330.0,5696.0,-0.08124302742058619,0.0,-1.8460595845714138,23.41
2019-12-25,13238.0,24729,24175.0,5192.0,-0.08147141379819768,0.0,-1.9180218778316427,21.48
2019-12-26,19523.0,24739,24082.0,4724.0,-0.08010428654478129,0.0,-1.9415332166219421,19.62
2019-12-27,38957.0,24739,24055.0,4042.0,-0.08294978768892679,0.0,-1.997557865906599,16.8
2019-12-28,37903.0,24510,24037.0,3911.0,-0.040889343214924635,0.0,-0.947259698724832,16.27
2019-12-29,33501.0,24333,24037.0,7254.0,0.06496234971086201,0.0,1.3835285932036867,30.18
2019-12-30,33614.0,24271,23972.0,7459.0,0.08354091678386677,0.0,1.7011203203168828,31.12
2019-12-31,23516.0,24238,23904.0,6217.0,0.027930173073245343,0.0,0.5143220278228171,26.01
2020-01-01,12313.0,24206,23855.0,5787.0,0.011542952959846685,0.0,0.18571162763101243,24.26
2020-01-02,42941.0,24230,23817.0,4789.0,-0.01813230645577307,0.0,-0.5195183838207154,20.11
2020-01-03,44335.0,24202,23821.0,5029.0,-0.0034873191121879343,0.0,-0.2773707634831881,21.11
2020-01-04,42678.0,24144,23816.0,7294.0,0.08557872258745564,0.0,1.7384997970468494,30.63
2020-01-05,33457.0,24102,23800.0,6483.0,0.046404561824729976,0.0,0.9856109647155934,27.24
2020-01-06,28415.0,24089,23801.0,4528.0,-0.06395889728522773,0.0,-1.4202297505592347,19.02
2020-01-07,28266.0,24119,23810.0,4582.0,-0.06715365692686111,0.0,-1.4850916920103807,19.24
2020-01-08,37337.0,24191,23800.0,5092.0,-0.035219087635053985,0.0,-0.7710233177111715,21.39
2020-01-09,35424.0,24229,23797.0,5261.0,-0.006333331332280762,0.0,-0.1177684918073886,22.11
2020-01-10,33337.0,24263,23806.0,5377.0,0.0011761740737629138,0.0,0.03372107729134641,22.59
2020-01-11,34706.0,24277,23828.0,5067.0,-0.020279263291685667,0.0,-0.5256631337223591,21.26
2020-01-12,33528.0,24261,23897.0,4947.0,-0.03296289432624541,0.0,-0.8630058915708826,20.7
2020-01-13,30305.0,24290,23935.0,5141.0,-0.02587663015906176,0.0,-0.6165116652915563,21.48
2020-01-14,31124.0,24319,23971.0,5234.0,-0.023328784185652953,0.0,-0.4864135239059023,21.83
2020-01-15,31934.0,24315,23979.0,4958.0,-0.028259846413230674,0.0,-0.5943557730562578,20.68
2020-01-16,32795.0,24346,23979.0,4828.0,-0.02922199781952074,0.0,-0.5995955069393545,20.13
2020-01-17,30158.0,24365,24003.0,4640.0,-0.030856262014867256,0.0,-0.5951791867806216,19.33
2020-01-18,32725.0,24377,24043.0,5039.0,-0.022269624066404915,0.0,-0.36831738800705366,20.96
2020-01-19,28756.0,24346,24066.0,5915.0,0.0012762522111811597,0.0,0.13027249536998362,24.58
2020-01-20,28064.0,24356,24096.0,6418.0,0.02114458831341304,0.0,0.4978153659447073,26.64
2020-01-21,24717.0,24364,24087.0,6992.0,0.04167630434911551,0.0,0.8510945796280308,29.03
2020-01-22,32817.0,24417,24067.0,7343.0,0.05745567433771175,0.0,1.2153438683243796,30.51
2020-01-23,34974.0,24467,24055.0,6959.0,0.04870386317070986,0.0,1.039845253199341,28.93
2020-01-24,37596.0,24475,24063.0,6494.0,0.033905046871011195,0.0,0.672301768064323,26.99
2020-01-25,41702.0,24462,24079.0,6313.0,0.023915326336523296,0.0,0.4640730101230051,26.22
2020-01-26,41912.0,24419,24100.0,5732.0,0.0003023117960877272,0.0,-0.06134302700794193,23.78
2020-01-27,34140.0,24442,24132.0,5093.0,-0.018552721934124303,0.0,-0.5012174595538745,21.1
2020-01-28,32376.0,24467,24142.0,4755.0,-0.03256328627051841,0.0,-0.8063031229893998,19.7
2020-01-29,35629.0,24503,24158.0,4239.0,-0.056905136423308265,0.0,-1.3588054999898223,17.55
2020-01-30,34799.0,24516,24170.0,4158.0,-0.0520745906968495,0.0,-1.2189995046483342,17.2
2020-01-31,33942.0,24538,24201.0,4588.0,-0.024246341650581208,0.0,-0.5688308707677612,18.96
2020-02-01,36672.0,24570,24226.0,5005.0,-0.017215860173839238,0.0,-0.41889275382787994,20.66
2020-02-02,30186.0,24557,24243.0,6871.0,0.004776047283162732,0.0,0.025233173000088222,28.34
2020-02-03,30768.0,24591,24122.0,7826.0,0.01553116893884669,0.0,0.2409967212008879,32.44
2020-02-04,29851.0,24619,23995.0,7323.0,0.004155627660524522,0.0,0.0899589282325394,30.52
2020-02-05,34864.0,24666,23955.0,7048.0,0.0031278886006500337,0.0,0.13654497292390969,29.42
2020-02-06,39796.0,24693,23885.0,6161.0,-0.005143694488471547,0.0,-0.0491733229385147,25.79
2020-02-07,36905.0,24580,23881.0,5655.0,-0.010262192896923497,0.0,-0.19470935157392819,23.68
2020-02-08,37804.0,24431,23876.0,5176.0,-0.025231553502620636,0.0,-0.5190790015243087,21.68
2020-02-09,32519.0,24338,23900.0,5051.0,-0.04455469216975496,0.0,-0.865011357500313,21.13
2020-02-10,29210.0,24315,23867.0,5258.0,-0.04262310781772819,0.0,-0.7450326690183681,22.03
2020-02-11,30423.0,24341,23848.0,5523.0,-0.02960715483778229,0.0,-0.5076478508382554,23.16
2020-02-12,28493.0,24343,23793.0,5672.0,-0.01620224435758422,0.0,-0.323613529538421,23.84
2020-02-13,33901.0,24339,23753.0,5772.0,-0.005289557409289661,0.0,-0.11387078104239692,24.3
2020-02-14,30993.0,24259,23766.0,6216.0,0.0037959389764489473,0.0,0.12789210610640275,26.16
2020-02-15,36025.0,24198,23783.0,5829.0,-0.007367207068674523,0.0,-0.12259960038706788,24.51
2020-02-16,31594.0,24120,23749.0,6108.0,-0.003973099619232081,0.0,-0.04225235154972426,25.72
2020-02-17,31291.0,24100,23640.0,6455.0,0.009771573604060918,0.0,0.24688280552953662,27.31
2020-02-18,31812.0,24065,23581.0,5794.0,-0.006212628811331142,0.0,-0.15000603191941903,24.57
2020-02-19,25939.0,24026,23531.0,5231.0,-0.02277239143500676,0.0,-0.4755105967898236,22.23
2020-02-20,36961.0,24007,23491.0,5089.0,-0.01924445228263715,0.0,-0.40420749795034133,21.66
2020-02-21,33342.0,23918,23464.0,5567.0,-0.003820442258048792,0.0,-0.14359658716932228,23.73
2020-02-22,33136.0,23880,23408.0,6624.0,0.03417634996582375,0.0,0.6477118426327346,28.3
2020-02-23,28796.0,23824,23347.0,6816.0,0.037065025179129865,0.0,0.6871435996890168,29.19
2020-02-24,29761.0,23811,23337.0,6051.0,0.00482067103740841,0.0,0.00458134909731652,25.93
2020-02-25,33851.0,23810,23346.0,6293.0,0.013009264358531926,0.0,0.21377596545501573,26.96
2020-02-26,37389.0,23798,23298.0,6701.0,0.02910734213850358,0.0,0.5167996964163339,28.76
2020-02-27,39657.0,23774,23266.0,5961.0,0.013428546867900437,0.0,0.2312925581243439,25.62
2020-02-28,34500.0,23724,23279.0,5624.0,-0.0017397654538425197,0.0,-0.03487199173024375,24.16
2020-02-29,38333.0,23750,23265.0,6748.0,0.05094716158545934,0.0,1.4109055094902472,29.0
2020-03-01,35681.0,23688,23239.0,6695.0,0.06034191291732503,0.0,1.845243473043575,28.81
2020-03-02,29940.0,23661,23212.0,6222.0,0.020180448536471243,0.0,0.8134019154328965,26.81
2020-03-03,35613.0,23692,23176.0,6408.0,0.02046760195275901,0.0,0.7806162561597592,27.65
2020-03-04,54706.0,23653,23185.0,6167.0,0.016670260944576215,0.0,0.7747616560171918,26.6
2020-03-05,44345.0,23607,23179.0,5947.0,0.02088713305763222,0.0,0.8136090573698109,25.66
2020-03-06,38578.0,23595,23163.0,5723.0,0.007370128468431805,0.0,0.42379546235471166,24.71
2020-03-07,43137.0,23589,23172.0,4877.0,-0.05695605533772259,0.0,-1.2369038278845155,21.05
2020-03-08,38285.0,23537,23147.0,4485.0,-0.09181381110788733,0.0,-2.2136204036505034,19.38
2020-03-09,36260.0,23549,23136.0,4079.0,-0.07795519660146166,0.0,-1.831959678182746,17.63
2020-03-10,33753.0,23568,23150.0,4140.0,-0.0712989817957416,0.0,-1.6910250139577934,17.88
2020-03-11,39999.0,23573,23157.0,3830.0,-0.0809998827876784,0.0,-1.8982402193947951,16.54
2020-03-12,31571.0,23572,23141.0,3016.0,-0.10125812565205819,0.0,-2.2767498001725657,13.03
2020-03-13,28218.0,23587,23159.0,3036.0,-0.09318191631762962,0.0,-2.147106138420307,13.11
2020-03-14,32446.0,23594,23176.0,3473.0,-0.0830538981212083,0.0,-2.02576066304021,14.99
2020-03-15,24646.0,23563,23174.0,3533.0,-0.07423035668051582,0.0,-1.861762354921974,15.25
2020-03-16,18735.0,23581,23199.0,3869.0,-0.04150733098101512,0.0,-1.1694523679720232,16.68
2020-03-17,22873.0,23653,23231.0,3955.0,-0.03630924196117265,0.0,-1.104623976616804,17.02
2020-03-18,26100.0,23698,23265.0,4391.0,-0.0007921156857327126,0.0,-0.48815400548370175,18.87
2020-03-19,23874.0,23726,23268.0,4834.0,0.036435693410938406,0.0,0.3104600020153825,20.78
2020-03-20,24945.0,23735,23309.0,4748.0,0.03645740762305191,0.0,0.46714140293585954,20.37
2020-03-21,26807.0,23720,23383.0,5097.0,0.042839425467830726,0.0,0.6110876584701408,21.8
2020-03-22,33785.0,23705,23432.0,5270.0,0.04659683948690443,0.0,0.7131963350414284,22.49
2020-03-23,25078.0,23716,23479.0,5300.0,0.04044647800770295,0.0,0.63898406485553,22.57
2020-03-24,31411.0,23726,23498.0,4806.0,0.02060357720413892,0.0,0.3282850257379716,20.45
2020-03-25,33848.0,23732,23507.0,4376.0,-0.0008113084856182647,0.0,-0.0219728135075773,18.62
2020-03-26,33485.0,23732,23512.0,4830.0,0.019139162980605667,0.0,0.3367245437394236,20.54
2020-03-27,30389.0,23730,23518.0,4947.0,0.02666346749602128,0.0,0.44668670731730353,21.03
2020-03-28,29756.0,23739,23520.0,4615.0,0.005545432458697768,0.0,0.03616261923144368,19.62
2020-03-29,32876.0,23757,23534.0,4720.0,0.009527249329237954,0.0,0.1083001189314712,20.06
2020-03-30,35359.0,23809,23549.0,5693.0,0.05864671232627417,0.0,1.051502278733193,24.18
2020-03-31,32979.0,23850,23553.0,7168.0,0.1814752139551536,0.0,3.287278057176736,30.43
2020-04-01,38204.0,23910,23556.0,6289.0,0.12072750648909575,0.0,2.1658151275207174,26.7
2020-04-02,37710.0,23941,23584.0,4456.0,0.0025107821283194345,0.0,0.012156768612716836,18.89
2020-04-03,54187.0,23992,23634.0,4951.0,0.02971808169827968,0.0,0.45165483775343523,20.95
2020-04-04,77909.0,23997,23682.0,5322.0,0.0498389373484383,0.0,0.7636782170725352,22.47
2020-04-05,34534.0,23973,23740.0,5225.0,0.05275604765916488,0.0,0.7208854718190473,22.01
2020-04-06,40363.0,24014,23756.0,4146.0,-0.027989921343179472,0.0,-0.731452444328069,17.45
2020-04-07,42620.0,24053,23820.0,6339.0,0.14371476550317858,0.0,2.3452949110967536,26.61
2020-04-08,51082.0,24120,23811.0,6574.0,0.1728192852043175,0.0,2.955327568231301,27.61
2020-04-09,49390.0,24177,23813.0,3214.0,-0.058224499223113235,0.0,-1.0016966519363388,13.5
2020-04-10,40531.0,24190,23853.0,3099.0,-0.08575441244287887,0.0,-1.4216997653895753,12.99
2020-04-11,157451.0,24218,23897.0,2764.0,-0.11267104657488376,0.0,-1.8903819246833595,11.57
2020-04-12,30223.0,24177,23972.0,2979.0,-0.11653774641844057,0.0,-1.919755316401793,12.43
2020-04-13,31539.0,24239,24041.0,3419.0,-0.08518186193823625,0.0,-1.379333962468808,14.22
2020-04-14,28206.0,24271,24081.0,1519.0,-0.4125303291866131,0.0,-7.079619901188615,6.31
2020-04-15,32327.0,24277,24108.0,1498.0,-0.39187939984356013,0.0,-6.737140779832895,6.21
2020-04-16,33309.0,24308,24100.0,4338.0,-0.006553052756372257,0.0,-0.1447846230613036,18.0
2020-04-17,31518.0,24347,24149.0,4370.0,0.0034340374934188345,0.0,-0.04052557614007705,18.1
2020-04-18,30979.0,24356,24177.0,4513.0,0.0028894049243968533,0.0,0.017484143813811,18.67
2020-04-19,28589.0,24345,24170.0,5066.0,0.020846385720196252,0.0,0.39728386963626283,20.96
2020-04-20,35557.0,24447,24187.0,5101.0,0.031593122633764285,0.0,0.555427737832941,21.09
2020-04-21,29927.0,24468,24225.0,5532.0,0.05493734335839587,0.0,0.9928843276002618,22.84
2020-04-22,36768.0,24485,24227.0,6064.0,0.10456161661428515,0.0,1.9455167336062875,25.03
2020-04-23,42974.0,24597,24222.0,4757.0,0.03094884225674421,0.0,0.6888778160705888,19.64
2020-04-24,40293.0,24618,24329.0,3810.0,-0.02668185528146891,0.0,-0.350637376108736,15.66
2020-04-25,49803.0,24625,24359.0,4308.0,-0.008201720689918066,0.0,-0.08181284386785032,17.69
2020-04-26,57532.0,24616,24377.0,4010.0,-0.04296790299990036,0.0,-0.6978671493211873,16.45
2020-04-27,27037.0,24648,24494.0,3824.0,-0.06083997247139231,0.0,-1.0010098896325148,15.61
2020-04-28,34678.0,24706,24530.0,2976.0,-0.10761749461301043,0.0,-1.8612755207068477,12.13
2020-04-29,35138.0,24744,24536.0,2301.0,-0.1776631422050407,0.0,-3.1507553601703737,9.38
2020-04-30,36666.0,24822,24541.0,2963.0,-0.11173138828898552,0.0,-2.013827820010987,12.07
2020-05-01,31104.0,24857,24563.0,3670.0,-0.04314270592819634,0.0,-0.7272634982194144,14.94
2020-05-02,26928.0,24867,24618.0,4630.0,-0.047935308659169416,0.0,-0.7722718561943965,18.81
2020-05-03,24307.0,24861,24645.0,5790.0,-0.020146074254412522,0.0,-0.3328571473649993,23.49
2020-05-04,27289.0,24941,24709.0,6745.0,0.014595607152975032,0.0,0.26554109891990957,27.3
2020-05-05,24971.0,24943,24730.0,7740.0,0.05536652995205305,0.0,0.9860955040403822,31.3
2020-05-06,33009.0,25017,24708.0,6648.0,0.02886283216540624,0.0,0.5106549098420919,26.91
2020-05-07,36579.0,25078,24708.0,6032.0,0.014642452415643431,0.0,0.2027574624273693,24.41
2020-05-08,41755.0,25095,24762.0,7397.0,0.04558251699031912,0.0,0.6898166106469339,29.87
2020-05-09,41656.0,25092,24745.0,7286.0,0.038114482002136,0.0,0.5863704206669671,29.44
2020-05-10,25191.0,25061,24787.0,6949.0,0.02278556155588474,0.0,0.39451353912409165,28.03
2020-05-11,36663.0,25130,24833.0,6586.0,0.006814089546743649,0.0,0.10083267312726171,26.52
2020-05-12,36606.0,25140,24826.0,6205.0,-0.01605747430689024,0.0,-0.21053674313871057,24.99
2020-05-13,39966.0,25151,24803.0,6403.0,0.008818057723432035,0.0,0.15051328792423205,25.82
2020-05-14,44109.0,25162,24791.0,6657.0,0.03099627168845844,0.0,0.4544220882805018,26.85
2020-05-15,41171.0,25149,24840.0,7070.0,0.04197147458017021,0.0,0.6810876460032738,28.46
2020-05-16,40292.0,25110,24847.0,7595.0,0.0684934657245195,0.0,1.1160317222050844,30.57
2020-05-17,33325.0,25069,24842.0,6617.0,0.038859880156877136,0.0,0.6411590055521933,26.64
2020-05-18,43707.0,25130,24870.0,7341.0,0.06123269573209266,0.0,1.140426190783185,29.52
2020-05-19,48548.0,25166,24826.0,8907.0,0.11599302574489906,0.0,2.09041624424899,35.88
2020-05-20,57033.0,25189,24771.0,8132.0,0.06805192708062972,0.0,1.3093024544321217,32.83
2020-05-21,46657.0,25158,24744.0,7244.0,0.0275362569858206,0.0,0.6684932444000433,29.28
2020-05-22,65547.0,25156,24794.0,7412.0,0.027333801956694614,0.0,0.5721801374067416,29.89
2020-05-23,60917.0,25100,24805.0,7422.0,0.01952083393325081,0.0,0.42719006186871167,29.92
2020-05-24,40473.0,25037,24785.0,8108.0,0.0351595146834203,0.0,0.7180754353318182,32.71
2020-05-25,50021.0,25045,24725.0,7285.0,0.00017044633829262274,0.0,0.044329728193229445,29.46
2020-05-26,54967.0,25038,24673.0,6228.0,-0.042296090000058004,0.0,-0.7088873898403609,25.24
2020-05-27,60601.0,25027,24592.0,5242.0,-0.049365647364996726,0.0,-0.9490692018887859,21.32
2020-05-28,58991.0,25020,24577.0,4049.0,-0.06977778294456422,0.0,-1.3172904073299647,16.47
2020-05-29,57753.0,24973,24587.0,4772.0,-0.07489439831734482,0.0,-1.256827046648121,19.41
2020-05-30,58902.0,24916,24545.0,5146.0,-0.07543287838663654,0.0,-1.2237917008739985,20.97
2020-05-31,30783.0,24830,24515.0,5618.0,-0.06715422044812207,0.0,-1.103300246602142,22.92
2020-06-01,41592.0,24876,24496.0,5528.0,-0.07937155920500126,0.0,-1.2915161893846099,22.57
2020-06-02,43259.0,24859,24448.0,5626.0,-0.08437733732236351,0.0,-1.3328117880845027,23.01
2020-06-03,51494.0,24828,24364.0,6530.0,-0.02849637638670635,0.0,-0.28357774958102056,26.8
2020-06-04,49008.0,24772,24322.0,7079.0,-0.0060380372854676925,0.0,0.0678993134440095,29.11
2020-06-05,42930.0,24700,24316.0,6380.0,-0.03458040561182534,0.0,-0.5547710136024929,26.24
2020-06-06,46881.0,24645,24266.0,5974.0,-0.05223946497745234,0.0,-0.8254274876129394,24.62
2020-06-07,35539.0,24551,24215.0,5834.0,-0.05703961535057982,0.0,-0.8781925218153716,24.09
2020-06-08,36992.0,24549,24114.0,6294.0,-0.028101636275311356,0.0,-0.46751473980779057,26.1
2020-06-09,38194.0,24526,24015.0,6347.0,-0.016067338865589954,0.0,-0.4110422128408282,26.43
2020-06-10,41198.0,24481,23897.0,5722.0,-0.02788156313703454,0.0,-0.6366418595286605,23.94
2020-06-11,42698.0,24423,23844.0,5654.0,-0.014052651760251137,0.0,-0.3382252553692665,23.71
2020-06-12,42460.0,24350,23832.0,7010.0,0.03049321440560104,0.0,0.48408557769530247,29.41
2020-06-13,44632.0,24258,23792.0,9818.0,0.22150903064655605,0.0,4.365564725847651,41.27
2020-06-14,31019.0,24121,23699.0,10247.0,0.3090455896270486,0.0,6.150794323465942,43.24
2020-06-15,39273.0,24110,23596.0,9563.0,0.2075654469280515,0.0,3.9877159233978743,40.53
2020-06-16,48209.0,24083,23504.0,8947.0,0.15190423514538634,0.0,2.9392755065339458,38.07
2020-06-17,107768.0,24057,23388.0,7861.0,0.122611717852867,0.0,2.4385029209716444,33.61
2020-06-18,82106.0,23959,23341.0,8093.0,0.1569769932736386,0.0,2.919874150908265,34.67
2020-06-19,74964.0,23875,23322.0,8353.0,0.16242481041812148,0.0,2.851062975689524,35.82
2020-06-20,65391.0,23759,23248.0,6730.0,0.018837257890079596,0.0,-0.2490991515477634,28.95
2020-06-21,54720.0,23624,23200.0,6184.0,-0.05039100985221638,0.0,-1.7270209274842179,26.66
2020-06-22,73142.0,23641,23102.0,6045.0,-0.012958061763360113,0.0,-0.6975394485619782,26.17
2020-06-23,74637.0,23614,23018.0,6465.0,-0.001442970097935768,0.0,-0.22610526561522598,28.09
2020-06-24,95818.0,23548,22867.0,6957.0,0.018579487595974296,0.0,0.3291249002001354,30.42
2020-06-25,85942.0,23508,22788.0,5877.0,-0.06842573785701737,0.0,-1.0638966811988828,25.79
2020-06-26,75053.0,23421,22787.0,5298.0,-0.1348419211455155,0.0,-2.1387988180991218,23.25
2020-06-27,71942.0,23313,22704.0,5061.0,-0.18495482230947358,0.0,-2.9220797106577745,22.29
2020-06-28,61193.0,23148,22613.0,4867.0,-0.2359136021631052,0.0,-3.73023858444403,21.52
2020-06-29,51402.0,23166,22587.0,5086.0,-0.1938188211929746,0.0,-2.9376793646700707,22.52
2020-06-30,59170.0,23116,22482.0,4758.0,-0.17991853800500776,0.0,-2.8226842215312136,21.16
2020-07-01,57285.0,23010,22397.0,3976.0,-0.1775269647082841,0.0,-3.0563336879367515,17.75
2020-07-02,53988.0,22919,22348.0,4082.0,-0.12767841161880905,0.0,-2.2173278286869227,18.27
2020-07-03,49353.0,22858,22367.0,4708.0,-0.0965325192087833,0.0,-1.5598633329641618,21.05
2020-07-04,44500.0,22746,22292.0,4850.0,-0.0882155033195761,0.0,-1.4429105741428536,21.76
2020-07-05,36859.0,22643,22206.0,4852.0,-0.07893941148466915,0.0,-1.3160261261255244,21.85
2020-07-06,39418.0,22635,22126.0,4777.0,-0.0712219625263104,0.0,-1.232334376980171,21.59
2020-07-07,43451.0,22575,22040.0,5036.0,-0.048969406274306494,0.0,-0.9410747761182283,22.85
2020-07-08,47857.0,22508,21944.0,4710.0,-0.05275115879381281,0.0,-0.9774325166100394,21.46
2020-07-09,41279.0,22450,21915.0,5069.0,-0.03415468856947307,0.0,-0.665533288578775,23.13
2020-07-10,42050.0,22362,21878.0,5453.0,-0.02869484021783141,0.0,-0.5642128607300944,24.92
2020-07-11,38530.0,22265,21816.0,5806.0,-0.026039211063963563,0.0,-0.5810523816280128,26.61
2020-07-12,28404.0,22154,21726.0,6345.0,0.0008843913152115323,0.0,-0.21630795309082784,29.2
2020-07-13,39343.0,22166,21670.0,5940.0,-0.005313468257630685,0.0,-0.3132257313632115,27.41
2020-07-14,36977.0,22119,21589.0,5447.0,-0.02003004175406789,0.0,-0.5674611526934059,25.23
2020-07-15,49405.0,22067,21533.0,5010.0,-0.01937225919021304,0.0,-0.5485111839977388,23.27
2020-07-16,43469.0,21975,21501.0,5155.0,-0.014899639219438269,0.0,-0.3728337472032617,23.98
2020-07-17,40837.0,21906,21462.0,5977.0,-0.000455955376279669,0.0,-0.0593454012048171,27.85
2020-07-18,35952.0,21824,21372.0,5729.0,-0.01857904868853776,0.0,-0.30983038747140984,26.81
2020-07-19,27395.0,21751,21289.0,5454.0,-0.03554484878173176,0.0,-0.5421514376848545,25.62
2020-07-20,38825.0,21800,21192.0,6026.0,-0.005278272124251749,0.0,0.00041206827358481303,28.44
2020-07-21,40879.0,21780,21084.0,6533.0,0.009126758273030328,0.0,0.3105207315407147,30.99
2020-07-22,44162.0,21677,20926.0,6310.0,0.013199574009093313,0.0,0.37838202027121287,30.15
2020-07-23,42900.0,21589,20843.0,5887.0,0.00015078717760673706,0.0,0.09855376887412018,28.24
2020-07-24,44260.0,21485,20808.0,5982.0,-0.001579062997748123,0.0,-0.0395510623238591,28.75
2020-07-25,38972.0,21360,20739.0,6176.0,0.006488809902667861,0.0,0.11928946387732714,29.78
2020-07-26,31931.0,21182,20635.0,6357.0,0.009951884800443095,0.0,0.24856269461687913,30.81
2020-07-27,38251.0,21187,20515.0,5475.0,-0.018519550154938866,0.0,-0.31921473829788705,26.69
2020-07-28,44610.0,21086,20413.0,5000.0,-0.03267525596433655,0.0,-0.6181333650933762,24.49
2020-07-29,45724.0,20964,20294.0,5083.0,0.007507496937870466,0.0,0.08794107034983549,25.05
2020-07-30,48998.0,20882,20246.0,5420.0,0.019993367296538285,0.0,0.2868184734372994,26.77
2020-07-31,36995.0,20764,20222.0,6104.0,0.031726408296480435,0.0,0.4105254943466649,30.18
2020-08-01,39898.0,20658,20047.0,5860.0,0.03005437222527056,0.0,0.2134997953930185,29.23
2020-08-02,36841.0,20531,19910.0,5542.0,0.009090909090909132,0.0,-0.22827119786969122,27.84
2020-08-03,43384.0,20557,19778.0,5621.0,0.008689308466839058,0.0,-0.11367457159416317,28.42
2020-08-04,52226.0,20482,19600.0,4917.0,-0.021585276967930077,0.0,-0.6359223048604222,25.09
2020-08-05,50747.0,20304,19472.0,3634.0,-0.07903656532456822,0.0,-1.632436666126231,18.66
2020-08-06,49930.0,20189,19412.0,3493.0,-0.08221718524623874,0.0,-1.5686832988309134,17.99
2020-08-07,41144.0,20038,19394.0,3992.0,-0.08350520779622503,0.0,-1.453259972332825,20.58
2020-08-08,32015.0,19855,19266.0,5582.0,-0.006206344263024418,0.0,0.02312621387867952,28.97
2020-08-09,25562.0,19719,19081.0,5459.0,-0.01191911175664649,0.0,-0.024567530138183486,28.61
2020-08-10,34999.0,19727,18943.0,4121.0,-0.09006342335276463,0.0,-1.390626355704473,21.75
2020-08-11,40536.0,19663,18813.0,4603.0,-0.05632123683471164,0.0,-0.7770428610621645,24.47
2020-08-12,67053.0,19529,18683.0,4338.0,-0.04444070621879326,0.0,-0.6080927090859867,23.22
2020-08-13,37279.0,19360,18626.0,4435.0,-0.04820834164225125,0.0,-0.7030645275427044,23.81
2020-08-14,33314.0,19204,18579.0,4618.0,-0.060829046619455276,0.0,-0.9271713467257259,24.86
2020-08-15,27674.0,19067,18466.0,3764.0,-0.16581826058702476,0.0,-2.7581177779775454,20.38
2020-08-16,21040.0,18920,18318.0,3950.0,-0.14373060065821275,0.0,-2.472674473355523,21.56
2020-08-17,30543.0,18935,18144.0,4827.0,-0.02727780927185689,0.0,-0.5383045981567743,26.6
2020-08-18,32810.0,18863,17991.0,5106.0,-0.0013300300944122856,0.0,-0.1760366247218366,28.38
2020-08-19,35211.0,18761,17834.0,5951.0,0.0404123744372708,0.0,0.4706940990952056,33.37
2020-08-20,35697.0,18611,17607.0,5591.0,0.03434916307637385,0.0,0.43194961115067504,31.75
2020-08-21,31692.0,18430,17514.0,4963.0,0.021603125662735142,0.0,0.14489173122216878,28.34
2020-08-22,32626.0,18273,17391.0,4948.0,0.029884094400223386,0.0,0.24762632464313497,28.45
2020-08-23,30741.0,18102,17277.0,5146.0,0.027518004944641513,0.0,0.3738278425366627,29.79
2020-08-24,34790.0,17908,17089.0,5235.0,0.02346538709111123,0.0,0.32741121336220463,30.63
2020-08-25,38192.0,17733,16868.0,5026.0,0.025669907517192336,0.0,0.3356151484202362,29.8
2020-08-26,40979.0,17560,16681.0,4749.0,0.013856654705524727,0.0,0.25367651621146564,28.47
2020-08-27,39871.0,17399,16534.0,4391.0,-0.011400749969759247,0.0,-0.1246388832689044,26.56
2020-08-28,35353.0,17177,16392.0,4346.0,-0.032171616816565655,0.0,-0.4916693781779145,26.51
2020-08-29,36474.0,16928,16174.0,3843.0,-0.07982387959511712,0.0,-1.0965628581750717,23.76
2020-08-30,31321.0,16726,15975.0,3784.0,-0.08142633579253282,0.0,-1.1559336956620592,23.69
2020-08-31,32543.0,16573,15729.0,4176.0,-0.04124774075184154,0.0,-0.5922170749170016,26.55
2020-09-01,32691.0,16392,15478.0,4465.0,-0.024264855186162837,0.0,-0.2893340150384642,28.85
2020-09-02,28069.0,16174,15156.0,4301.0,-0.02853655318025862,0.0,-0.3489073343530863,28.38
2020-09-03,34139.0,15975,14928.0,3821.0,-0.03897278364722101,0.0,-0.5842059182415502,25.6
2020-09-04,31497.0,15729,14691.0,3520.0,-0.044716395849742956,0.0,-0.7752730866313878,23.96
2020-09-05,34598.0,15478,14444.0,3890.0,-0.013267990663448968,0.0,-0.3503258741825915,26.93
2020-09-06,26853.0,15156,14105.0,4177.0,-0.011343495214462951,0.0,-0.2686708973956433,29.61
2020-09-07,28508.0,14928,13737.0,3737.0,-0.04904377125386073,0.0,-0.8004427824968302,27.2
2020-09-08,27037.0,14691,13390.0,3542.0,-0.053664781820121764,0.0,-0.882540295707158,26.45
2020-09-09,30501.0,14444,12973.0,3822.0,-0.025123608373434872,0.0,-0.5220453696536653,29.46
2020-09-10,28947.0,14105,12481.0,3569.0,-0.04063319102178156,0.0,-0.7134269336392234,28.6
2020-09-11,26562.0,13737,12087.0,3132.0,-0.09960524294105844,0.0,-1.2764721778841155,25.91
2020-09-12,28580.0,13390,11643.0,2783.0,-0.12574692335063337,0.0,-1.5826600035216967,23.9
2020-09-13,27513.0,12973,11192.0,3001.0,-0.09037067292964378,0.0,-1.2261131301643955,26.81
2020-09-14,20185.0,12481,10496.0,3613.0,-0.023621243466898978,0.0,-0.33422570974396326,34.42
2020-09-15,17820.0,12087,9564.0,3634.0,-0.030434068232060702,0.0,-0.33071534522665336,38.0
2020-09-16,18319.0,11643,8242.0,2711.0,-0.08420286338267406,0.0,-0.9603291749604388,32.89
2020-09-17,25808.0,11192,7037.0,2653.0,-0.04941229013987292,0.0,-0.2657339675665024,37.7
2020-09-18,25176.0,10496,5276.0,3116.0,0.08835156503844961,0.07142857142857142,1.7622452307252285,59.06
2020-09-19,24605.0,9564,0.0,0.0,,,,
2020-09-20,19870.0,8242,0.0,0.0,,,,
2020-09-21,20043.0,7037,0.0,0.0,,,,
2020-09-22,20706.0,5276,0.0,0.0,,,,
